,factscore,rev-factscore,r1,r2,rl,rlsum,n_facts
gl-01-13-05,0.296875,0.5714285714285714,49.46745562130177,16.132858837485173,19.40828402366864,48.28402366863906,64.0
atwt-05-19-03,0.48484848484848486,0.325,40.22346368715083,10.467289719626168,17.13221601489758,38.73370577281192,66.0
bb-06-07-06,0.6140350877192983,0.6333333333333333,56.23100303951368,19.817073170731707,23.10030395136778,55.92705167173253,57.0
atwt-05-14-04,0.44776119402985076,0.5316455696202531,51.21555915721232,12.357723577235774,22.042139384116695,48.62236628849271,67.0
gl-02-08-05,0.5166666666666667,0.6129032258064516,52.61813537675607,13.060179257362355,19.412515964240104,50.8301404853129,60.0
oltl-08-04-09,0.35384615384615387,0.5652173913043478,47.41532976827095,12.164579606440073,21.033868092691623,44.919786096256686,65.0
bb-06-15-06,0.5806451612903226,0.5128205128205128,49.59349593495935,14.67391304347826,19.78319783197832,48.78048780487806,62.0
oltl-06-14-07,0.46875,0.33962264150943394,42.994241842610364,13.102119460500964,20.34548944337812,39.15547024952015,64.0
gl-01-04-05,0.3508771929824561,0.4074074074074074,47.07207207207207,9.706546275395034,16.891891891891895,45.27027027027026,57.0
oltl-01-15-10,0.3559322033898305,0.35135135135135137,35.61643835616439,8.25147347740668,19.96086105675147,31.702544031311152,59.0
oltl-05-29-06,0.5373134328358209,0.19047619047619047,40.67164179104478,9.737827715355806,17.910447761194025,37.68656716417911,67.0
atwt-05-07-03,0.41935483870967744,0.36585365853658536,46.59090909090909,8.571428571428573,18.181818181818183,40.34090909090909,31.0
atwt-05-06-03,0.3291139240506329,0.2222222222222222,31.872509960159363,5.6000000000000005,16.73306772908367,30.278884462151396,79.0
gl-03-01-05,0.1774193548387097,0.6206896551724138,42.90220820189275,9.694415173867228,16.61409043112513,41.219768664563624,62.0
bb-05-16-06,0.7,0.6037735849056604,60.99071207430341,25.15527950310559,26.934984520123834,59.442724458204346,60.0
oltl-06-15-09,0.36231884057971014,0.47058823529411764,33.80281690140845,7.676767676767677,18.511066398390344,31.790744466800803,69.0
oltl-03-02-09,0.5614035087719298,0.7222222222222222,51.34228187919463,15.824915824915825,23.8255033557047,48.32214765100671,57.0
atwt-01-11-05,0.35185185185185186,0.625,41.66666666666667,10.64638783269962,17.424242424242422,36.74242424242424,54.0
atwt-09-18-06,0.3076923076923077,0.391304347826087,40.76433121019108,9.195402298850572,16.305732484076437,40.00000000000001,52.0
gl-02-27-06,0.31746031746031744,0.5098039215686274,55.87786259541985,15.926493108728945,22.290076335877863,52.519083969465655,63.0
bb-05-11-06,0.3387096774193548,0.296875,53.879941434846266,20.26431718061674,21.083455344070277,51.83016105417278,62.0
gl-01-28-05,0.2857142857142857,0.2777777777777778,36.50485436893203,8.576998050682262,17.47572815533981,34.95145631067962,63.0
bb-05-01-17,0.21052631578947367,0.3069306930693069,43.343653250774,6.230529595015576,21.671826625387,42.72445820433436,38.0
bb-04-25-17,0.4838709677419355,0.5784313725490197,48.07467911318553,13.333333333333334,17.969661610268375,46.44107351225204,62.0
atwt-05-11-06,0.41379310344827586,0.7058823529411765,49.67741935483871,14.239482200647247,19.03225806451613,47.74193548387097,58.0
bb-06-01-06,0.6065573770491803,0.4788732394366197,52.87356321839081,14.409221902017288,20.977011494252874,50.57471264367817,61.0
atwt-02-22-06,0.3924050632911392,0.6263736263736264,54.36013590033974,15.209988649262202,20.61155152887882,53.907134767836915,79.0
atwt-01-16-07,0.5625,0.6296296296296297,48.3558994197292,17.087378640776702,21.663442940038685,45.647969052224376,64.0
pc-05-02-03,0.5487804878048781,0.5192307692307693,43.812709030100336,10.06711409395973,20.066889632107024,42.140468227424755,82.0
atwt-07-21-06,0.5189873417721519,0.35714285714285715,42.32209737827715,10.526315789473685,17.97752808988764,40.0749063670412,79.0
atwt-08-16-06,0.484375,0.4722222222222222,54.3640897755611,14.500000000000002,19.451371571072322,52.11970074812968,64.0
bb-05-03-17,0.55,0.5494505494505495,46.272493573264775,9.30232558139535,19.53727506426735,44.73007712082262,40.0
pc-04-03-03,0.35714285714285715,0.5909090909090909,42.29390681003585,8.664259927797833,18.63799283154122,37.992831541218635,28.0
bb-05-02-17,0.42857142857142855,0.4838709677419355,43.74999999999999,10.857142857142858,18.750000000000004,41.47727272727273,28.0
bb-01-11-16,0.611764705882353,0.4838709677419355,45.66544566544567,12.974296205630356,19.29181929181929,44.44444444444444,85.0
oltl-03-17-09,0.5625,0.47619047619047616,45.31722054380664,11.55015197568389,19.939577039274926,42.90030211480363,32.0
bb-01-20-15,0.5230769230769231,0.39669421487603307,47.131147540983605,14.814814814814817,20.901639344262293,41.39344262295082,65.0
pc-04-02-03,0.2222222222222222,0.49333333333333335,46.3768115942029,7.2992700729927,23.18840579710145,44.20289855072464,36.0
oltl-01-16-09,0.43478260869565216,0.6333333333333333,38.26429980276134,8.316831683168315,17.357001972386588,35.108481262327416,69.0
atwt-05-15-06,0.30952380952380953,0.5192307692307693,39.70037453183521,9.022556390977442,18.352059925093638,38.57677902621723,84.0
atwt-01-10-06,0.3333333333333333,0.4375,46.23115577889447,7.731092436974792,17.085427135678394,44.22110552763819,63.0
oltl-01-06-12,0.3972602739726027,0.5,39.52569169960474,7.936507936507938,18.181818181818183,37.94466403162055,73.0
bb-05-04-06,0.4626865671641791,0.6304347826086957,50.082372322899495,15.537190082644628,22.40527182866557,48.105436573311366,67.0
bb-01-02-07,0.4189189189189189,0.5081967213114754,56.888888888888886,15.156017830609212,22.22222222222222,54.81481481481482,74.0
atwt-05-14-03,0.25,0.24390243902439024,40.704500978473575,12.573673870333991,21.52641878669276,38.35616438356165,64.0
oltl-03-02-10,0.47368421052631576,0.391304347826087,30.830039525691706,4.365079365079365,16.205533596837945,29.64426877470356,57.0
gl-03-02-05,0.4,0.4186046511627907,48.666666666666664,11.804008908685969,18.666666666666668,47.99999999999999,70.0
atwt-08-23-06,0.46551724137931033,0.27710843373493976,43.91143911439114,9.629629629629628,18.45018450184502,42.066420664206646,58.0
bb-05-19-06,0.59375,0.5344827586206896,57.3551263001486,16.691505216095383,23.179791976225854,55.27488855869242,64.0
atwt-09-11-06,0.4117647058823529,0.5238095238095238,48.39596700274977,13.406795224977044,17.415215398716775,47.84601283226398,68.0
oltl-02-12-09,0.25396825396825395,0.17142857142857143,45.70312500000001,12.156862745098037,19.53125,43.74999999999999,63.0
oltl-09-03-09,0.3582089552238806,0.5306122448979592,49.514563106796125,13.311688311688313,17.475728155339805,45.63106796116505,67.0
bb-01-02-15,0.68,0.6313559322033898,46.89265536723164,11.931818181818182,22.033898305084747,44.067796610169495,50.0
bb-01-16-07,0.5769230769230769,0.6333333333333333,52.22551928783383,13.731343283582087,24.33234421364985,49.85163204747774,26.0
gl-08-19-05,0.6486486486486487,0.6666666666666666,49.52380952380952,12.089077412513253,20.31746031746032,47.61904761904761,74.0
atwt-01-11-07,0.3472222222222222,0.5,41.44486692015209,9.160305343511451,18.250950570342205,38.78326996197719,72.0
gl-02-09-05,0.2857142857142857,0.5714285714285714,42.10526315789473,5.5900621118012435,17.64705882352941,39.628482972136226,56.0
pc-04-04-03,0.421875,0.5964912280701754,46.35332252836305,8.45528455284553,17.179902755267424,45.38087520259319,64.0
oltl-08-19-09,0.39655172413793105,0.4406779661016949,50.0772797527048,12.4031007751938,17.31066460587326,47.913446676970636,58.0
atwt-01-21-03,0.4444444444444444,0.35051546391752575,45.6953642384106,11.960132890365449,19.536423841059605,44.03973509933774,72.0
oltl-02-04-10,0.46,0.625,35.98484848484848,5.703422053231939,14.393939393939394,33.333333333333336,50.0
bb-05-10-17,0.5740740740740741,0.5913978494623656,40.79207920792079,11.133200795228628,21.386138613861387,39.603960396039604,54.0
oltl-01-26-10,0.4605263157894737,0.5294117647058824,38.70967741935484,6.477732793522267,16.129032258064516,37.096774193548384,76.0
oltl-01-06-10,0.41975308641975306,0.425531914893617,34.62246777163904,7.393715341959334,17.31123388581952,32.41252302025782,81.0
atwt-03-06-06,0.6440677966101694,0.6578947368421053,42.22222222222222,9.66542750929368,18.88888888888889,40.0,59.0
bb-01-29-07,0.4918032786885246,0.4473684210526316,41.42259414225941,15.546218487394958,20.0836820083682,40.1673640167364,61.0
oltl-08-10-09,0.4520547945205479,0.5555555555555556,39.06249999999999,10.980392156862743,17.187500000000004,36.71875,73.0
oltl-02-24-09,0.34782608695652173,0.40476190476190477,49.74446337308347,11.282051282051283,22.487223168654175,47.700170357751276,69.0
pc-01-31-03,0.5,0.5434782608695652,41.13475177304964,8.185053380782916,17.730496453900706,40.78014184397163,66.0
oltl-02-23-07,0.3770491803278688,0.35,50.74626865671641,11.700680272108844,22.25237449118046,49.11804613297151,61.0
oltl-02-12-10,0.45,0.782608695652174,42.61036468330134,11.560693641618498,19.57773512476008,39.53934740882917,60.0
gl-02-28-05,0.6296296296296297,0.43137254901960786,48.096885813148795,12.152777777777777,21.79930795847751,46.36678200692042,54.0
atwt-02-16-07,0.2698412698412698,0.5862068965517241,44.55445544554456,10.927152317880793,17.491749174917494,42.90429042904291,63.0
pc-02-03-03,0.5,0.5,43.89489953632148,9.30232558139535,17.928902627511594,42.96754250386399,58.0
bb-01-19-15,0.453125,0.3728813559322034,47.90419161676647,13.399999999999999,17.764471057884233,47.30538922155688,64.0
bb-04-26-17,0.5,0.5285714285714286,47.61904761904761,12.779552715654951,22.857142857142858,43.8095238095238,36.0
oltl-11-10-08,0.38666666666666666,0.5625,39.38814531548756,8.445297504798463,19.50286806883365,37.858508604206506,75.0
bb-05-11-17,0.5,0.6966292134831461,46.951219512195124,11.042944785276074,20.73170731707317,45.12195121951219,30.0
bb-01-12-16,0.41935483870967744,0.38738738738738737,32.30974632843792,11.780455153949129,17.356475300400533,31.775700934579444,31.0
gl-02-11-05,0.3389830508474576,0.36,41.28787878787878,9.125475285171103,18.181818181818183,41.28787878787878,59.0
oltl-08-24-09,0.45588235294117646,0.6388888888888888,49.74271012006861,11.7039586919105,19.210977701543737,45.62607204116638,68.0
atwt-09-19-06,0.3448275862068966,0.5714285714285714,50.92592592592593,12.693498452012383,18.82716049382716,49.691358024691354,58.0
pc-05-13-03,0.4444444444444444,0.3770491803278688,41.96277495769881,7.809847198641766,16.58206429780034,41.285956006768195,63.0
gl-01-12-05,0.5737704918032787,0.5454545454545454,44.15584415584416,10.42830540037244,20.77922077922078,40.44526901669759,61.0
gl-02-16-05,0.37142857142857144,0.46875,33.333333333333336,4.545454545454545,16.38418079096045,31.07344632768362,35.0
atwt-09-09-10,0.5466666666666666,0.49612403100775193,50.588235294117645,16.895874263261295,20.784313725490193,49.80392156862745,75.0
pc-05-29-03,0.3333333333333333,0.4423076923076923,41.970021413276235,14.623655913978496,20.556745182012847,40.25695931477516,27.0
oltl-02-23-09,0.3108108108108108,0.4074074074074074,38.0952380952381,10.81081081081081,17.391304347826086,36.024844720496894,74.0
oltl-06-19-07,0.2465753424657534,0.44594594594594594,48.985959438377535,15.023474178403756,22.464898595943836,48.3619344773791,73.0
gl-02-02-05,0.6,0.41379310344827586,48.32962138084632,13.839285714285715,17.59465478841871,47.21603563474387,80.0
gl-03-01-06,0.41025641025641024,0.4,45.776566757493185,8.767123287671232,22.3433242506812,44.141689373297,39.0
oltl-07-20-11,0.40625,0.3333333333333333,36.88212927756654,10.68702290076336,19.01140684410646,36.121673003802286,64.0
oltl-08-26-09,0.2982456140350877,0.43137254901960786,52.519083969465655,16.232771822358348,19.541984732824428,50.38167938931297,57.0
oltl-02-03-10,0.5294117647058824,0.30303030303030304,51.69147496617049,14.382632293080052,21.10960757780785,49.25575101488497,68.0
pc-03-04-03,0.18518518518518517,0.3611111111111111,42.99065420560748,10.881801125703564,18.317757009345794,41.12149532710281,27.0
gl-07-19-06,0.36507936507936506,0.28205128205128205,43.29159212880143,9.335727109515261,20.03577817531306,41.14490161001789,63.0
bb-05-30-06,0.48148148148148145,0.546875,55.33834586466166,16.89291101055807,23.157894736842103,54.13533834586467,81.0
bb-01-17-07,0.509090909090909,0.6458333333333334,42.352941176470594,11.811023622047244,19.607843137254903,39.6078431372549,55.0
pc-05-01-03,0.2857142857142857,0.32142857142857145,47.16692189892802,12.903225806451612,20.21439509954058,45.3292496171516,63.0
gl-01-26-05,0.4936708860759494,0.6842105263157895,56.7816091954023,17.28110599078341,21.609195402298848,54.482758620689665,79.0
bb-01-05-16,0.6666666666666666,0.5,44.57478005865102,8.259587020648967,20.527859237536656,42.22873900293255,33.0
bb-06-13-06,0.42857142857142855,0.43333333333333335,49.358974358974365,15.755627009646304,24.03846153846154,48.39743589743589,63.0
atwt-01-19-09,0.45,0.5970149253731343,55.39661898569571,15.90612777053455,22.886866059817944,53.836150845253584,60.0
pc-05-21-03,0.3275862068965517,0.25757575757575757,45.30551415797318,8.66965620328849,17.88375558867362,42.62295081967213,58.0
oltl-01-23-09,0.45161290322580644,0.3181818181818182,38.877755511022045,9.255533199195172,19.238476953907817,36.07214428857716,62.0
bb-06-21-06,0.4444444444444444,0.4805194805194805,56.042496679946886,22.10386151797603,25.232403718459494,55.77689243027888,72.0
oltl-08-14-09,0.3230769230769231,0.4782608695652174,36.58051689860835,7.584830339321356,17.097415506958253,34.990059642147116,65.0
oltl-02-22-10,0.3333333333333333,0.5416666666666666,33.33333333333333,7.392996108949417,18.217054263565892,31.782945736434108,69.0
bb-01-06-15,0.569620253164557,0.5925925925925926,43.005181347150256,15.051903114186851,17.098445595854926,42.31433506044905,79.0
gl-01-25-05,0.4714285714285714,0.7391304347826086,35.897435897435905,12.875536480686694,18.37606837606838,33.76068376068376,70.0
gl-09-13-06,0.35714285714285715,0.3829787234042553,45.33898305084745,12.76595744680851,18.220338983050848,43.22033898305085,28.0
bb-05-23-06,0.4864864864864865,0.3194444444444444,41.56862745098039,12.648221343873518,24.313725490196074,40.0,37.0
oltl-04-07-09,0.421875,0.4782608695652174,42.73204903677759,7.029876977152901,19.614711033274954,40.98073555166375,64.0
bb-05-18-06,0.5072463768115942,0.7543859649122807,58.04511278195489,17.79788838612368,24.06015037593985,55.93984962406016,69.0
atwt-01-17-05,0.3442622950819672,0.375,53.65853658536586,18.160651920838184,17.421602787456443,51.33565621370499,61.0
oltl-05-29-09,0.2898550724637681,0.5,33.46153846153846,8.108108108108107,16.153846153846153,29.230769230769234,69.0
atwt-11-11-05,0.39473684210526316,0.5555555555555556,44.53998280309544,13.608957795004306,18.400687876182285,42.64832330180568,76.0
gl-02-21-05,0.5256410256410257,0.4375,36.05313092979128,5.333333333333333,18.9753320683112,33.396584440227706,78.0
atwt-02-21-06,0.4864864864864865,0.575,43.72623574144487,10.687022900763358,20.53231939163498,40.3041825095057,74.0
pc-05-30-03,0.3333333333333333,0.5769230769230769,51.657458563535904,14.681440443213296,21.54696132596685,50.276243093922645,66.0
atwt-01-18-05,0.4444444444444444,0.4642857142857143,47.781569965870304,12.086659064994299,17.29237770193402,43.91353811149033,63.0
atwt-01-09-06,0.35384615384615387,0.28846153846153844,43.56060606060606,14.82889733840304,20.833333333333336,43.18181818181818,65.0
bb-01-05-07,0.4880952380952381,0.3880597014925373,38.32335329341317,8.016032064128256,18.36327345309381,37.5249500998004,84.0
bb-05-03-06,0.47191011235955055,0.43478260869565216,46.710526315789465,12.541254125412543,19.736842105263154,45.39473684210527,89.0
oltl-02-05-09,0.546875,0.43243243243243246,37.254901960784316,8.661417322834646,18.03921568627451,35.68627450980392,64.0
oltl-01-08-09,0.2318840579710145,0.7142857142857143,34.20074349442378,8.582089552238804,16.728624535315987,32.342007434944236,69.0
bb-05-08-06,0.5324675324675324,0.7446808510638298,53.43749999999999,17.241379310344826,20.9375,52.49999999999999,77.0
atwt-01-21-05,0.5,0.2857142857142857,38.33017077798861,9.904761904761903,18.975332068311197,36.43263757115749,64.0
gl-01-05-05,0.4507042253521127,0.5428571428571428,48.80083420229406,15.882967607105538,20.229405630865486,47.34098018769552,71.0
oltl-07-21-11,0.30864197530864196,0.2894736842105263,37.573385518590996,8.25147347740668,16.829745596868886,34.833659491193735,81.0
atwt-05-20-04,0.42028985507246375,0.43478260869565216,47.73109243697479,16.188870151770658,19.495798319327733,43.69747899159664,69.0
bb-01-04-07,0.3333333333333333,0.6031746031746031,55.587392550143264,15.804597701149422,19.770773638968482,54.15472779369627,60.0
bb-05-22-06,0.3283582089552239,0.49019607843137253,46.187845303867405,16.611295681063122,20.773480662983424,45.966850828729285,67.0
oltl-06-15-07,0.2903225806451613,0.5121951219512195,44.24460431654676,14.079422382671478,19.424460431654676,41.36690647482014,62.0
pc-02-26-03,0.7611940298507462,0.5851063829787234,56.45933014354069,17.745803357314145,21.291866028708135,55.98086124401913,67.0
atwt-01-21-09,0.4444444444444444,0.6,51.26262626262626,12.658227848101266,21.464646464646464,48.73737373737374,54.0
pc-04-07-03,0.3181818181818182,0.6470588235294118,42.003853564547214,10.444874274661508,16.570327552986512,40.46242774566474,66.0
gl-03-03-05,0.6197183098591549,0.75,48.97959183673469,13.642564802182811,20.68027210884354,48.435374149659864,71.0
gl-09-06-06,0.2786885245901639,0.5348837209302325,44.20289855072463,13.454545454545455,20.652173913043477,43.11594202898551,61.0
bb-06-06-06,0.3181818181818182,0.5185185185185185,52.71828665568369,15.206611570247933,22.73476112026359,51.40032948929159,66.0
oltl-02-03-09,0.417910447761194,0.5714285714285714,44.48462929475588,10.163339382940109,18.083182640144667,44.12296564195298,67.0
oltl-06-02-09,0.45614035087719296,0.5862068965517241,41.05691056910569,11.020408163265307,16.666666666666664,39.83739837398373,57.0
bb-06-14-06,0.46875,0.42857142857142855,56.94635488308115,20.689655172413797,22.283356258596974,55.02063273727648,64.0
oltl-09-09-09,0.23529411764705882,0.3064516129032258,43.017656500802566,10.950080515297905,16.69341894060995,42.69662921348314,68.0
pc-01-30-03,0.36231884057971014,0.5714285714285714,35.82766439909297,9.567198177676538,17.687074829931976,34.01360544217687,69.0
oltl-06-19-09,0.20634920634920634,0.8823529411764706,31.809145129224653,8.383233532934133,17.09741550695825,30.218687872763418,63.0
atwt-07-25-06,0.375,0.6086956521739131,47.91666666666667,16.027874564459932,21.180555555555557,45.83333333333333,72.0
atwt-05-16-06,0.3194444444444444,0.49295774647887325,50.27027027027027,11.924119241192411,18.64864864864865,47.02702702702703,72.0
oltl-06-29-09,0.3150684931506849,0.4,32.475247524752476,8.747514910536779,15.841584158415841,30.89108910891089,73.0
gl-02-24-05,0.36619718309859156,0.4827586206896552,54.57025920873123,16.142270861833104,19.37244201909959,53.75170532060029,71.0
oltl-01-15-09,0.5,0.5128205128205128,39.84819734345351,10.666666666666666,18.595825426944973,37.191650853889946,68.0
atwt-01-12-07,0.39344262295081966,0.4864864864864865,36.2934362934363,10.465116279069766,16.6023166023166,33.97683397683398,61.0
atwt-03-20-06,0.36231884057971014,0.47368421052631576,40.3041825095057,9.923664122137403,20.15209125475285,38.02281368821293,69.0
oltl-04-08-09,0.4927536231884058,0.3684210526315789,37.09369024856596,5.374280230326296,15.678776290630974,34.79923518164436,69.0
atwt-10-19-06,0.45588235294117646,0.5,47.578347578347575,10.285714285714285,17.37891737891738,46.15384615384615,68.0
bb-05-04-17,0.43283582089552236,0.5813953488372093,42.60355029585799,9.108910891089108,20.11834319526627,40.63116370808679,67.0
atwt-05-13-04,0.2708333333333333,0.5409836065573771,46.319569120287255,11.891891891891893,21.543985637342907,44.88330341113106,48.0
oltl-05-24-07,0.2054794520547945,0.21739130434782608,44.54976303317535,11.09350237717908,17.061611374407583,42.65402843601896,73.0
oltl-01-07-09,0.30434782608695654,0.3855421686746988,43.71428571428571,9.74212034383954,18.571428571428573,42.85714285714286,46.0
oltl-07-15-11,0.3709677419354839,0.2647058823529412,33.26732673267326,6.759443339960239,15.841584158415841,30.891089108910887,62.0
bb-05-09-17,0.5806451612903226,0.5686274509803921,50.70729053318824,19.19302071973828,20.892274211099018,49.18389553862895,62.0
atwt-01-10-05,0.4857142857142857,0.5909090909090909,48.93617021276595,10.660980810234543,18.085106382978722,46.808510638297875,70.0
atwt-05-08-03,0.3793103448275862,0.28205128205128205,49.149338374291105,15.180265654648958,21.928166351606805,44.23440453686201,58.0
atwt-05-18-06,0.4444444444444444,0.2727272727272727,43.47826086956522,4.3624161073825505,17.391304347826082,42.80936454849498,63.0
gl-02-25-05,0.5714285714285714,0.6363636363636364,41.842610364683296,8.86319845857418,20.345489443378117,39.15547024952016,70.0
atwt-01-05-05,0.3472222222222222,0.45161290322580644,46.63382594417077,8.896210873146623,18.062397372742197,41.37931034482759,72.0
atwt-08-02-06,0.5614035087719298,0.7301587301587301,48.90190336749634,11.747430249632892,19.32650073206442,46.85212298682284,57.0
atwt-07-24-06,0.42857142857142855,0.45652173913043476,51.330203442879494,12.244897959183673,20.657276995305164,48.5133020344288,70.0
oltl-03-01-10,0.3090909090909091,0.5925925925925926,37.10021321961621,8.137044967880087,17.48400852878465,33.26226012793177,55.0
pc-05-05-03,0.375,0.5686274509803921,46.757679180887365,9.931506849315069,18.43003412969283,45.73378839590443,64.0
oltl-09-18-09,0.3472222222222222,0.3263157894736842,38.4020618556701,8.527131782945736,17.2680412371134,36.85567010309278,72.0
pc-03-05-03,0.4426229508196721,0.5194805194805194,52.85895806861499,15.286624203821658,19.3138500635324,50.31766200762389,61.0
atwt-01-22-07,0.25333333333333335,0.475,38.56332703213611,7.590132827324478,17.01323251417769,36.672967863894144,75.0
oltl-05-28-09,0.38666666666666666,0.76,37.40458015267175,8.42911877394636,17.938931297709924,36.25954198473282,75.0
gl-03-07-05,0.2857142857142857,0.38596491228070173,43.344709897610926,11.643835616438357,18.771331058020476,40.273037542662124,56.0
pc-01-29-03,0.33962264150943394,0.4,46.611570247933884,10.281923714759534,19.50413223140496,44.62809917355373,53.0
atwt-01-20-03,0.525,0.5535714285714286,47.01627486437614,8.711433756805807,21.338155515370705,44.48462929475588,80.0
atwt-05-05-03,0.36764705882352944,0.2894736842105263,53.82932166301969,19.078947368421055,21.00656455142232,52.29759299781181,68.0
oltl-08-25-09,0.2542372881355932,0.26666666666666666,47.07903780068728,12.758620689655176,18.556701030927837,44.67353951890035,59.0
oltl-06-28-11,0.4393939393939394,0.23076923076923078,39.67935871743487,9.6579476861167,16.83366733466934,37.67535070140281,66.0
atwt-03-09-06,0.4098360655737705,0.5901639344262295,55.99999999999999,16.874135546334717,18.758620689655174,54.068965517241374,61.0
gl-02-15-05,0.26229508196721313,0.5909090909090909,49.03581267217631,10.773480662983426,19.00826446280992,47.38292011019284,61.0
atwt-01-04-10,0.4358974358974359,0.5959595959595959,52.328159645232816,16.666666666666664,19.290465631929045,50.554323725055426,78.0
atwt-05-18-04,0.484375,0.5,44.48818897637795,11.462450592885375,19.291338582677167,40.55118110236221,64.0
atwt-05-15-03,0.3218390804597701,0.36666666666666664,33.2703213610586,6.072106261859582,15.50094517958412,32.892249527410215,87.0
oltl-08-20-09,0.45454545454545453,0.5,47.98534798534799,12.5,20.51282051282051,45.78754578754579,66.0
bb-01-11-07,0.5076923076923077,0.5918367346938775,51.593323216995444,17.047184170471844,21.547799696509866,49.77238239757209,65.0
atwt-01-17-07,0.25,0.5555555555555556,39.77485928705441,10.169491525423728,19.51219512195122,37.89868667917448,64.0
gl-01-14-05,0.49382716049382713,0.8888888888888888,36.468330134357004,6.551059730250482,15.738963531669864,32.629558541266796,81.0
bb-04-28-06,0.3125,0.5,47.893569844789354,12.026726057906458,23.05986696230599,45.67627494456762,32.0
bb-05-01-06,0.3283582089552239,0.16666666666666666,48.63945578231292,14.675767918088736,20.40816326530612,45.91836734693878,67.0
gl-02-22-05,0.42028985507246375,0.7307692307692307,51.30890052356021,11.548556430446194,19.10994764397906,49.21465968586388,69.0
atwt-02-17-06,0.5333333333333333,0.7142857142857143,41.47286821705427,5.836575875486381,17.829457364341085,37.5968992248062,75.0
gl-01-31-05,0.3287671232876712,0.5789473684210527,45.640074211502785,8.56610800744879,20.037105751391472,44.526901669758814,73.0
atwt-05-10-06,0.4,0.5128205128205128,53.67647058823529,19.41031941031941,22.54901960784314,52.94117647058824,55.0
atwt-09-14-06,0.3559322033898305,0.5416666666666666,37.17171717171717,10.547667342799189,20.2020202020202,34.74747474747475,59.0
bb-05-15-06,0.30357142857142855,0.5789473684210527,50.482315112540185,14.838709677419354,20.90032154340836,48.553054662379424,56.0
gl-02-14-05,0.42857142857142855,0.4642857142857143,41.726618705035975,13.153153153153156,17.625899280575542,40.46762589928058,70.0
atwt-09-13-06,0.4838709677419355,0.43859649122807015,46.368715083798875,12.324929971988796,18.715083798882677,44.41340782122905,62.0
bb-04-27-06,0.49230769230769234,0.49122807017543857,56.11672278338945,23.17210348706412,23.793490460157127,54.32098765432099,65.0
oltl-07-30-08,0.3157894736842105,0.3387096774193548,48.45360824742268,11.379310344827585,19.587628865979383,46.391752577319586,76.0
atwt-05-09-03,0.3968253968253968,0.4482758620689655,36.19047619047619,11.47227533460803,20.190476190476193,33.523809523809526,63.0
gl-02-17-05,0.4935064935064935,0.5116279069767442,49.826187717265356,17.653890824622536,22.479721900347627,49.826187717265356,77.0
atwt-01-13-05,0.45454545454545453,0.5,47.657841140529534,11.428571428571429,18.73727087576375,47.25050916496945,66.0
atwt-01-18-06,0.36764705882352944,0.3835616438356164,47.3015873015873,10.509554140127388,18.73015873015873,45.71428571428571,68.0
gl-01-11-05,0.4642857142857143,0.475,48.503611971104235,13.029989658738364,18.369453044375646,46.85242518059856,56.0
pc-06-30-03,0.4,0.38095238095238093,34.48275862068965,7.638888888888889,17.241379310344826,33.793103448275865,25.0
oltl-03-16-09,0.5833333333333334,0.7407407407407407,39.39393939393939,9.885931558935361,17.045454545454543,35.984848484848484,60.0
oltl-09-23-08,0.3076923076923077,0.4,38.961038961038966,7.391304347826086,17.74891774891775,35.930735930735935,65.0
atwt-05-17-04,0.4393939393939394,0.46808510638297873,42.857142857142854,9.302325581395348,19.69111969111969,40.15444015444016,66.0
oltl-09-24-08,0.38461538461538464,0.43859649122807015,44.781783681214414,9.904761904761903,17.457305502846303,44.02277039848197,65.0
atwt-01-05-10,0.5076923076923077,0.54,50.788643533123036,16.139240506329113,19.873817034700313,49.52681388012619,65.0
bb-01-30-07,0.43283582089552236,0.3728813559322034,52.19941348973607,12.647058823529411,19.35483870967742,51.02639296187683,67.0
atwt-05-16-03,0.4594594594594595,0.41025641025641024,42.65232974910395,8.992805755395684,16.845878136200717,40.50179211469534,74.0
oltl-01-25-10,0.4057971014492754,0.46153846153846156,41.15226337448559,12.396694214876032,18.930041152263374,38.68312757201647,69.0
gl-02-10-05,0.2318840579710145,0.5365853658536586,43.81720430107527,10.242587601078167,18.279569892473116,42.473118279569896,69.0
bb-01-15-07,0.6923076923076923,0.5111111111111111,49.275362318840585,12.82798833819242,20.869565217391305,45.79710144927536,26.0
atwt-01-19-05,0.36538461538461536,0.5,50.0772797527048,8.992248062015504,17.001545595054097,45.440494590417316,52.0
atwt-05-13-03,0.3898305084745763,0.5,40.22140221402214,11.111111111111112,20.29520295202952,37.63837638376384,59.0
atwt-05-10-04,0.4,0.5576923076923077,50.21739130434783,16.33986928104575,20.0,49.34782608695652,70.0
atwt-01-12-06,0.43103448275862066,0.7142857142857143,43.12590448625181,7.25689404934688,16.208393632416787,40.520984081041966,58.0
gl-09-11-06,0.4177215189873418,0.2619047619047619,44.173913043478265,14.31064572425829,20.869565217391305,41.73913043478261,79.0
gl-02-28-06,0.27586206896551724,0.37037037037037035,39.922480620155035,10.505836575875486,17.829457364341085,39.147286821705436,58.0
atwt-01-22-09,0.45901639344262296,0.5384615384615384,46.36209813874788,12.563667232597622,21.99661590524535,43.65482233502538,61.0
oltl-07-10-09,0.2857142857142857,0.4838709677419355,34.60764587525151,5.656565656565657,16.90140845070422,33.80281690140844,63.0
oltl-01-26-09,0.39473684210526316,0.34782608695652173,30.29126213592233,4.28849902534113,15.145631067961165,29.514563106796114,76.0
bb-05-12-06,0.5142857142857142,0.3157894736842105,44.96855345911949,11.041009463722398,19.81132075471698,44.65408805031446,70.0
oltl-09-04-09,0.2727272727272727,0.25,32.0,5.496828752642706,17.68421052631579,31.157894736842106,66.0
atwt-05-19-06,0.3684210526315789,0.3333333333333333,47.415329768270944,11.806797853309483,20.32085561497326,42.780748663101605,57.0
atwt-01-04-05,0.3230769230769231,0.6111111111111112,35.80786026200873,10.964912280701753,18.34061135371179,33.187772925764186,65.0
atwt-05-12-04,0.34328358208955223,0.16071428571428573,53.5796766743649,17.592592592592595,19.399538106235564,52.193995381062365,67.0
bb-05-10-06,0.5454545454545454,0.49122807017543857,43.42857142857143,16.061185468451246,19.80952380952381,42.666666666666664,77.0
oltl-06-24-09,0.37142857142857144,0.25,40.078585461689585,9.072978303747535,18.860510805500983,36.93516699410609,70.0
oltl-07-30-09,0.41509433962264153,0.5,49.12280701754386,14.090019569471627,22.612085769980506,41.71539961013645,53.0
bb-01-08-07,0.2876712328767123,0.4626865671641791,38.69565217391304,10.91703056768559,18.695652173913043,36.95652173913044,73.0
gl-01-19-05,0.42105263157894735,0.4666666666666667,39.839034205231385,12.121212121212121,18.913480885311866,37.82696177062373,57.0
bb-01-09-07,0.4642857142857143,0.41379310344827586,51.141552511415526,13.435114503816791,20.395738203957382,49.923896499238964,56.0
atwt-01-21-04,0.3684210526315789,0.36363636363636365,40.0,7.960199004975125,17.85123966942149,38.67768595041322,76.0
atwt-01-09-07,0.44,0.52,49.7093023255814,13.411078717201166,20.930232558139537,48.54651162790698,75.0
gl-02-18-05,0.4931506849315068,0.4230769230769231,36.68639053254437,8.316831683168315,17.751479289940832,33.92504930966469,73.0
bb-01-19-07,0.5,0.5294117647058824,51.93687230989957,15.53956834532374,20.086083213773314,51.36298421807748,68.0
pc-03-03-03,0.45,0.5679012345679012,52.9338327091136,17.021276595744684,19.975031210986266,51.186017478152316,60.0
atwt-01-03-05,0.5166666666666667,0.7321428571428571,51.71102661596958,14.23125794155019,20.025348542458808,48.92268694550063,60.0
bb-05-25-06,0.38961038961038963,0.4878048780487805,52.649006622516545,13.95348837209302,22.847682119205302,50.66225165562914,77.0
atwt-05-17-06,0.3333333333333333,0.42028985507246375,42.27005870841487,14.538310412573674,20.743639921722114,39.92172211350294,60.0
atwt-09-12-06,0.4117647058823529,0.4827586206896552,53.84615384615385,12.166172106824927,18.93491124260355,50.88757396449704,68.0
bb-06-08-06,0.5471698113207547,0.46551724137931033,59.50991831971996,22.456140350877195,21.936989498249705,56.70945157526255,53.0
gl-01-06-05,0.5692307692307692,0.6428571428571429,49.90958408679927,15.970961887477314,20.61482820976492,48.824593128390596,65.0
gl-02-07-05,0.34523809523809523,0.64,42.998027613412226,11.089108910891088,19.723865877712033,41.814595660749504,84.0
bb-05-31-06,0.463768115942029,0.5531914893617021,55.1617873651772,21.020092735703248,24.65331278890601,54.54545454545454,69.0
bb-04-26-06,0.6,0.6774193548387096,49.03677758318739,18.070175438596493,18.21366024518389,48.511383537653245,85.0
bb-01-24-07,0.3,0.18867924528301888,44.38775510204081,7.692307692307692,19.897959183673468,41.836734693877546,30.0
atwt-01-14-05,0.5614035087719298,0.3333333333333333,35.916824196597354,5.313092979127135,16.6351606805293,34.40453686200378,57.0
bb-05-05-06,0.4925373134328358,0.6333333333333333,47.92332268370607,13.141025641025642,17.57188498402556,44.72843450479233,67.0
bb-05-09-06,0.4838709677419355,0.3137254901960784,54.7112462006079,16.463414634146343,21.88449848024316,51.671732522796354,62.0
atwt-01-16-06,0.34285714285714286,0.5625,47.467438494934875,9.57910014513788,18.813314037626625,44.57308248914616,70.0
atwt-05-12-03,0.4342105263157895,0.3939393939393939,36.81214421252372,8.380952380952381,18.975332068311193,35.67362428842505,76.0
atwt-08-03-06,0.3484848484848485,0.30434782608695654,37.54789272030651,7.6923076923076925,16.47509578544061,34.86590038314176,66.0
oltl-06-23-11,0.484375,0.5333333333333333,40.07421150278293,7.076350093109871,18.552875695732837,37.47680890538034,64.0
oltl-07-05-11,0.5245901639344263,0.55,47.01627486437613,10.526315789473683,16.99819168173599,42.31464737793851,61.0
gl-02-03-05,0.37681159420289856,0.5384615384615384,48.4394506866417,11.264080100125156,19.72534332084894,46.19225967540575,69.0
gl-07-24-06,0.4868421052631579,0.2631578947368421,53.26278659611992,18.761061946902654,23.6331569664903,50.44091710758377,76.0
bb-04-27-17,0.5774647887323944,0.5925925925925926,54.23365487674169,21.482277121374867,20.57877813504823,53.37620578778136,71.0
bb-01-26-07,0.4520547945205479,0.6140350877192983,44.15094339622641,14.393939393939394,23.39622641509434,43.0188679245283,73.0
bb-06-09-06,0.3698630136986301,0.5081967213114754,53.191489361702125,15.24390243902439,20.06079027355623,51.3677811550152,73.0
atwt-05-13-09,0.44047619047619047,0.5894736842105263,57.111111111111114,14.253897550111358,19.77777777777778,55.33333333333332,84.0
atwt-05-11-04,0.43661971830985913,0.3492063492063492,50.531286894923255,14.437869822485204,22.668240850059032,49.350649350649356,71.0
gl-01-24-05,0.43283582089552236,0.38181818181818183,55.60821484992101,15.213946117274169,17.693522906793053,53.396524486571884,67.0
atwt-01-12-05,0.3157894736842105,0.46153846153846156,46.29349470499243,7.890743550834599,19.667170953101362,43.570347957639946,57.0
bb-05-24-06,0.45714285714285713,0.5333333333333333,48.33333333333334,12.13389121338912,20.833333333333336,47.083333333333336,35.0
oltl-03-30-09,0.4666666666666667,0.631578947368421,41.05461393596987,10.207939508506616,22.222222222222225,39.1713747645951,60.0
gl-01-10-05,0.46153846153846156,0.6153846153846154,45.44095665171898,8.695652173913043,18.83408071748879,44.843049327354265,65.0
oltl-02-04-09,0.3888888888888889,0.5517241379310345,43.51297405189621,11.623246492985972,17.964071856287422,40.31936127744511,72.0
bb-04-28-17,0.5517241379310345,0.5876288659793815,47.1299093655589,6.079027355623101,16.91842900302115,42.29607250755287,29.0
oltl-04-14-09,0.32,0.42424242424242425,39.53934740882918,6.551059730250482,16.122840690978883,38.38771593090211,75.0
atwt-03-28-06,0.3466666666666667,0.6307692307692307,55.37098560354373,17.53607103218646,21.04097452934662,54.263565891472865,75.0
gl-01-17-05,0.34328358208955223,0.25,45.77259475218659,8.187134502923977,15.160349854227404,44.31486880466472,67.0
bb-01-04-16,0.6222222222222222,0.6597938144329897,43.888888888888886,7.82122905027933,18.888888888888886,40.0,45.0
oltl-03-10-10,0.3770491803278688,0.2857142857142857,50.25295109612142,13.874788494077835,19.561551433389543,47.217537942664414,61.0
bb-05-26-06,0.07407407407407407,0.3442622950819672,44.01709401709402,12.446351931330472,23.076923076923073,43.16239316239316,27.0
bb-01-23-07,0.4807692307692308,0.4878048780487805,44.285714285714285,11.469534050179211,20.0,42.857142857142854,52.0
gl-01-27-05,0.44871794871794873,0.6296296296296297,56.81528662420383,17.369093231162193,21.656050955414013,56.560509554140125,78.0
bb-01-28-15,0.5285714285714286,0.4896907216494845,37.51763046544429,16.10169491525424,15.514809590973202,36.530324400564176,70.0
gl-01-18-05,0.2222222222222222,0.9230769230769231,47.04545454545455,8.656036446469248,17.045454545454543,44.99999999999999,72.0
oltl-06-03-09,0.4393939393939394,0.34375,36.57587548638133,5.859375,15.953307392996107,35.01945525291829,66.0
atwt-01-06-05,0.37037037037037035,0.2727272727272727,53.086419753086425,11.138613861386139,19.506172839506174,51.60493827160494,81.0
bb-05-08-17,0.5483870967741935,0.525,39.06581740976645,11.087420042643922,18.25902335456476,36.94267515923567,62.0
oltl-07-21-09,0.24615384615384617,0.48,38.21656050955414,9.381663113006395,17.834394904458602,35.244161358811034,65.0
pc-05-06-03,0.43902439024390244,0.3333333333333333,43.80952380952381,6.698564593301436,15.238095238095243,42.38095238095238,41.0
oltl-03-17-10,0.373134328358209,0.3013698630136986,53.17919075144507,14.492753623188406,22.254335260115607,51.73410404624278,67.0
bb-06-12-06,0.4594594594594595,0.46875,52.769679300291536,19.005847953216374,21.282798833819243,51.31195335276969,74.0
bb-01-16-15,0.5862068965517241,0.5294117647058824,38.96848137535817,9.221902017291066,17.765042979942695,35.53008595988539,29.0
bb-05-29-06,0.45901639344262296,0.5230769230769231,58.90804597701148,16.42651296829971,22.701149425287355,57.758620689655174,61.0
oltl-03-16-07,0.38028169014084506,0.37894736842105264,48.17150063051703,11.125158027812896,20.68095838587642,47.41488020176545,71.0
oltl-03-23-09,0.5967741935483871,0.47368421052631576,47.040000000000006,9.630818619582666,18.88,42.559999999999995,62.0
atwt-05-19-04,0.3709677419354839,0.4098360655737705,43.90243902439025,12.052730696798493,19.512195121951223,40.90056285178237,62.0
mean,0.4209377969280281,0.4854181334911322,45.4085808302839,11.86653906340225,19.38217505456337,43.4110363189966,63.26013513513514
std,0.10596942172089928,0.13463903857347276,6.385678736220782,3.7561277399387256,2.1261319760902966,6.525978080910282,12.597051563355873
